id,output
1,5974
2,7378
3,7092
4,8038
5,8824
6,6575
7,8364
8,6663
9,5211
10,6242
11,6479
12,5973
13,6369
14,7252
15,7619
16,7607
17,8593
18,8650
19,8715
20,6121
21,6248
22,4208
23,5515
24,8678
25,7232
26,6567
27,6813
28,6158
29,7268
30,8514
31,8859
32,5925
33,7642
34,5167
35,4419
36,5038
37,6760
38,4607
39,7195
40,7294
41,6082
42,5096
43,6265
44,8379
45,6720
46,6952
47,7065
48,6793
49,7150
50,4465
51,4668
52,7273
53,4857
54,5685
55,7761
56,7718
57,5528
58,8037
59,7025
60,4589
61,4597
62,5148
63,5610
64,6376
65,4711
66,6220
67,6900
68,7795
69,4778
70,4343
71,5561
72,8863
73,7453
74,8849
75,5831
76,5145
77,4683
78,8773
79,5784
80,8594
81,7390
82,8113
83,6345
84,6078
85,5514
86,4238
87,5323
88,5381
89,4133
90,4412
91,5445
92,6177
93,8277
94,5602
95,6456
96,6236
97,6640
98,5846
99,7124
100,6763
101,6611
102,8562
103,5143
104,6825
105,7145
106,5338
107,5566
108,7044
109,7322
110,5747
111,8956
112,6981
113,7395
114,7539
115,8692
116,8653
117,4155
118,8187
119,4605
120,8089
121,4771
122,5170
123,7779
124,5340
125,4381
126,6405
127,4950
128,4317
129,5927
130,7956
131,6747
132,6920
133,5829
134,8763
135,8058
136,8121
137,4372
138,8664
139,5762
140,6639
141,8059
142,6312
143,8267
144,5331
145,7360
146,6230
147,5242
148,8789
149,4928
150,5649
151,7261
152,5712
153,5084
154,7754
155,4702
156,4211
157,7716
158,5387
159,8823
160,6761
161,7608
162,6513
163,6731
164,4224
165,4552
166,5714
167,6880
168,8291
169,4295
170,4252
171,5403
172,7316
173,5060
174,6990
175,8183
176,6399
177,7059
178,6555
179,4576
180,5520
181,5805
182,6150
183,8554
184,6471
185,5964
186,6331
187,7772
188,4874
189,5768
190,4451
191,8354
192,8851
193,4634
194,4864
195,4611
196,4667
197,4715
198,6871
199,7792
200,8479
201,8803
202,4799
203,5897
204,5617
205,4825
206,7586
207,8345
208,6603
209,8640
210,5189
211,6800
212,5490
213,7335
214,8933
215,8666
216,5387
217,4532
218,7304
219,8500
220,7558
221,4447
222,5911
223,4571
224,4260
225,6798
226,6956
227,8802
228,6930
229,4180
230,5764
231,4186
232,4642
233,4318
234,6157
235,8022
236,6848
237,4336
238,8712
239,8807
240,8917
241,8871
242,5766
243,5962
244,7738
245,8750
246,5679
247,8957
248,7169
249,7919
250,8343
251,5087
252,4429
253,5062
254,4587
255,7389
256,6271
257,7886
258,8732
259,7904
260,4864
261,6483
262,6039
263,7831
264,6106
265,4212
266,4733
267,4443
268,6780
269,8960
270,8109
271,8914
272,5971
273,4651
274,8132
275,6365
276,6317
277,7772
278,4154
279,8223
280,4884
281,5905
282,8517
283,8743
284,5123
285,8663
286,6159
287,5722
288,7502
289,6059
290,6551
291,8849
292,8163
293,6065
294,6933
295,6461
296,8029
297,6277
298,6168
299,7852
300,5383
301,4189
302,4204
303,7395
304,5684
305,8644
306,7820
307,6632
308,4177
309,4452
310,8540
311,6948
312,8801
313,5870
314,8529
315,5356
316,8725
317,8808
318,8087
319,7470
320,5850
321,7506
322,7426
323,6676
324,8293
325,6258
326,6015
327,4420
328,4752
329,5209
330,8156
331,5745
332,6852
333,6039
334,8202
335,4966
336,7901
337,6864
338,7178
339,4593
340,5431
341,6635
342,5316
343,6612
344,5588
345,5927
346,6858
347,6659
348,7613
349,8404
350,6132
351,6447
352,5399
353,4064
354,8783
355,4215
356,5373
357,8099
358,6080
359,4338
360,6037
361,6127
362,6435
363,7371
364,8143
365,4590
366,8023
367,6808
368,5935
369,7249
370,8375
371,5955
372,5565
373,5149
374,5993
375,7411
376,7969
377,4165
378,7918
379,6662
380,4241
381,8915
382,4494
383,6035
384,6098
385,4168
386,7718
387,6887
388,6061
389,6809
390,5881
391,5602
392,5726
393,5461
394,6039
395,6680
396,7967
397,6149
398,4076
399,6763
400,7647
401,8748
402,5100
403,6444
404,8276
405,6814
406,4680
407,7789
408,4399
409,4170
410,6364
411,5895
412,4177
413,8658
414,4603
415,5414
416,8873
417,4132
418,6830
419,8125
420,4555
421,7895
422,7223
423,6312
424,6017
425,5564
426,8168
427,7005
428,5033
429,5405
430,4065
431,5718
432,4095
433,6963
434,4877
435,6664
436,7815
437,7961
438,8046
439,8387
440,5431
441,6971
442,4688
443,4964
444,7017
445,7124
446,7044
447,4921
448,5690
449,8937
450,5527
451,7418
452,5788
453,8678
454,7951
455,6696
456,4844
457,7178
458,4890
459,8884
460,8786
461,8594
462,4501
463,5365
464,7990
465,7853
466,7178
467,6670
468,7247
469,5677
470,8124
471,7839
472,7869
473,4781
474,8958
475,5718
476,6091
477,4732
478,8395
479,4610
480,5138
481,6084
482,6119
483,6325
484,7682
485,7610
486,6437
487,6644
488,5674
489,7989
490,7201
491,8142
492,6004
493,8653
494,8948
495,5799
496,5306
497,5038
498,7915
499,6009
500,5788
501,7230
502,8047
503,7090
504,5894
505,4520
506,7053
507,4677
508,6874
509,7521
510,4720
511,4716
512,8711
513,4927
514,4411
515,5632
516,5059
517,4752
518,4305
519,5828
520,6974
521,5170
522,6046
523,6492
524,8095
525,6543
526,7885
527,6543
528,7762
529,7022
530,5188
531,8829
532,8658
533,7714
534,8571
535,4723
536,4410
537,7202
538,7432
539,5472
540,8904
541,6033
542,5058
543,4860
544,6642
545,6385
546,8633
547,7189
548,7499
549,6610
550,5601
551,7006
552,4288
553,7768
554,5076
555,7776
556,6412
557,6187
558,6475
559,7198
560,8144
561,4497
562,5537
563,4596
564,5502
565,8084
566,7247
567,8403
568,4986
569,8405
570,5671
571,5337
572,7587
573,4563
574,6968
575,5272
576,4137
577,8405
578,6293
579,8771
580,6149
581,5674
582,5781
583,4173
584,5172
585,8786
586,5514
587,7200
588,6767
589,6384
590,8347
591,4429
592,8383
593,4099
594,8095
595,4081
596,8697
597,7171
598,4546
599,4719
600,6195
601,4939
602,6227
603,7299
604,6391
605,4235
606,7722
607,6592
608,8282
609,8785
610,8749
611,5880
612,7404
613,7338
614,7663
615,7230
616,8846
617,6157
618,7129
619,5475
620,7044
621,4864
622,4194
623,7330
624,6722
625,4280
626,4695
627,7222
628,6313
629,8682
630,8050
631,6751
632,7040
633,6259
634,6568
635,7210
636,4194
637,7233
638,7364
639,5132
640,7678
641,4505
642,4887
643,4392
644,4836
645,7543
646,6439
647,5064
648,6188
649,6513
650,5490
651,6138
652,4070
653,8794
654,8211
655,8436
656,4851
657,7236
658,8782
659,4424
660,6522
661,5293
662,8663
663,5576
664,8551
665,7932
666,5615
667,6276
668,4172
669,4083
670,6363
671,5731
672,7453
673,8524
674,4293
675,6337
676,7669
677,7448
678,4169
679,4717
680,8423
681,8077
682,7412
683,4180
684,6014
685,7025
686,6904
687,7608
688,4861
689,8054
690,5072
691,6533
692,5151
693,8006
694,4685
695,6300
696,5261
697,4087
698,8330
699,7835
700,8812
701,5775
702,5135
703,5010
704,6549
705,8061
706,8672
707,6065
708,8033
709,5941
710,7497
711,6522
712,4362
713,7770
714,8177
715,6367
716,5030
717,5995
718,8638
719,5173
720,5958
721,5993
722,4225
723,8786
724,7006
725,7347
726,7927
727,4393
728,5641
729,6681
730,8903
731,7419
732,8439
733,4529
734,6546
735,8584
736,6784
737,8131
738,6825
739,6090
740,4774
741,6468
742,5227
743,4582
744,8951
745,4349
746,5328
747,5261
748,8959
749,8522
750,8795
751,6001
752,4152
753,8697
754,5826
755,8873
756,5650
757,4149
758,8766
759,5244
760,4421
761,4859
762,6312
763,5926
764,8851
765,8922
766,8328
767,5285
768,6207
769,8142
770,6201
771,7301
772,8881
773,7166
774,5981
775,5244
776,7715
777,6618
778,6954
779,4291
780,7007
781,6681
782,8907
783,7010
784,8252
785,8328
786,8014
787,6260
788,7701
789,7188
790,8792
791,7860
792,7904
793,6934
794,5253
795,4104
796,4297
797,8080
798,7816
799,5051
800,4580
801,6253
802,8709
803,5089
804,7230
805,8465
806,4148
807,8710
808,7806
809,8858
810,4183
811,7131
812,8129
813,4649
814,6054
815,8546
816,7070
817,7306
818,8780
819,7609
820,6479
821,6864
822,4842
823,4867
824,8314
825,6444
826,8218
827,8657
828,7835
829,6576
830,8167
831,5729
832,6240
833,4495
834,4324
835,5800
836,4201
837,5464
838,8728
839,8813
840,5093
841,8943
842,7486
843,5319
844,6901
845,7103
846,5231
847,4578
848,7856
849,8537
850,7447
851,7416
852,8157
853,5798
854,5806
855,5757
856,6818
857,6739
858,5948
859,5492
860,7090
861,7538
862,7903
863,4841
864,7812
865,4901
866,6900
867,6399
868,7517
869,6356
870,6160
871,8187
872,7834
873,8645
874,6169
875,5229
876,4284
877,7451
878,5342
879,8737
880,6090
881,6887
882,8361
883,8604
884,4068
885,6381
886,8090
887,4879
888,5249
889,7972
890,6296
891,5947
892,7396
893,6001
894,4491
895,6756
896,5698
897,8255
898,6771
899,5613
900,4222
901,6828
902,7438
903,8172
904,7509
905,7272
906,8379
907,8494
908,5530
909,8719
910,6643
911,7632
912,6407
913,7306
914,6658
915,7918
916,5570
917,5293
918,6611
919,7891
920,4895
921,5846
922,7616
923,8817
924,8737
925,5917
926,4767
927,5459
928,5008
929,4116
930,8547
931,5879
932,6224
933,4309
934,8391
935,6224
936,5044
937,4132
938,8039
939,6889
940,5882
941,4877
942,8107
943,4738
944,6702
945,5328
946,8963
947,5260
948,8968
949,6841
950,8925
951,5532
952,6201
953,5696
954,5760
955,6923
956,8186
957,5652
958,5776
959,7549
960,7334
961,5091
962,4888
963,8908
964,6218
965,5006
966,7739
967,4175
968,6289
969,4847
970,7074
971,6856
972,8226
973,8084
974,6454
975,8654
976,4624
977,8634
978,8940
979,5603
980,5586
981,6066
982,6922
983,7688
984,5598
985,7785
986,5080
987,4670
988,7188
989,5098
990,6348
991,4098
992,5814
993,5068
994,4964
995,7495
996,5923
997,4168
998,4524
999,4078
1000,5778
1001,8793
1002,4280
1003,6080
1004,6693
1005,7791
1006,7888
1007,8104
1008,4947
1009,8126
1010,7792
1011,8272
1012,4936
1013,6931
1014,8777
1015,5730
1016,7222
1017,7152
1018,4429
1019,6405
1020,4905
1021,5416
1022,7692
1023,4215
1024,5256
1025,8069
1026,6300
1027,8069
1028,6883
1029,6870
1030,4797
1031,7498
1032,8314
1033,8080
1034,7586
1035,5659
1036,8542
1037,5291
1038,4428
1039,6262
1040,8364
1041,6799
1042,4753
1043,6316
1044,5827
1045,5722
1046,4733
1047,8194
1048,5408
1049,4795
1050,4574
1051,5896
1052,8076
1053,5318
1054,5652
1055,5593
1056,5671
1057,6649
1058,7579
1059,6598
1060,6557
1061,5710
1062,4944
1063,8352
1064,4350
1065,5832
1066,7460
1067,7525
1068,8280
1069,5992
1070,7562
1071,4377
1072,4896
1073,6654
1074,8558
1075,6740
1076,6744
1077,8671
1078,6217
1079,6194
1080,4711
1081,5194
1082,6443
1083,5256
1084,8498
1085,7053
1086,8308
1087,8278
1088,5466
1089,5358
1090,8802
1091,5950
1092,7172
1093,6370
1094,7394
1095,8340
1096,7780
1097,6091
1098,6534
1099,7570
1100,7053
1101,4455
1102,6572
1103,4942
1104,7959
1105,6830
1106,7329
1107,6299
1108,7529
1109,6913
1110,8633
1111,4776
1112,6867
1113,7342
1114,7664
1115,5546
1116,6788
1117,8739
1118,7322
1119,4816
1120,6231
1121,4685
1122,4921
1123,7255
1124,4874
1125,4201
1126,8732
1127,4309
1128,7478
1129,4181
1130,8766
1131,4353
1132,8589
1133,7683
1134,6433
1135,7343
1136,4883
1137,4285
1138,4551
1139,8324
1140,8639
1141,6784
1142,8072
1143,8853
1144,7678
1145,6330
1146,5212
1147,8361
1148,7454
1149,6299
1150,7645
1151,4206
1152,8727
1153,6374
1154,4362
1155,6376
1156,6804
1157,4086
1158,6467
1159,6639
1160,6192
1161,7958
1162,7047
1163,4643
1164,8157
1165,4570
1166,7264
1167,7780
1168,8169
1169,8552
1170,6358
1171,5507
1172,6688
1173,7897
1174,5053
1175,8667
1176,4700
1177,7920
1178,6904
1179,8666
1180,5052
1181,6938
1182,5917
1183,6737
1184,7189
1185,7997
1186,7529
1187,6346
1188,5782
1189,6980
1190,4103
1191,8772
1192,4688
1193,8827
1194,6298
1195,4162
1196,8739
1197,7560
1198,8126
1199,7960
1200,4981
1201,6122
1202,5024
1203,6033
1204,7691
1205,8006
1206,6558
1207,5273
1208,6414
1209,4285
1210,8706
1211,6304
1212,4256
1213,6218
1214,5698
1215,5199
1216,5859
1217,6859
1218,7726
1219,7674
1220,6480
1221,4433
1222,5395
1223,8051
1224,6684
1225,7177
1226,7971
1227,6087
1228,8610
1229,6794
1230,6416
1231,5491
1232,6826
1233,6768
1234,5770
1235,7524
1236,8444
1237,6135
1238,7782
1239,5490
1240,5728
1241,7272
1242,6342
1243,8877
1244,6207
1245,4269
1246,8737
1247,5430
1248,8101
1249,8816
1250,6012
1251,7579
1252,4785
1253,4136
1254,4820
1255,8558
1256,8400
1257,8379
1258,4642
1259,4924
1260,5064
1261,4970
1262,5551
1263,8199
1264,8530
1265,8945
1266,6599
1267,7571
1268,7383
1269,6804
1270,6102
1271,6644
1272,8050
1273,8341
1274,7124
1275,5809
1276,4763
1277,4650
1278,4609
1279,8327
1280,8356
1281,8798
1282,6675
1283,8533
1284,7196
1285,6728
1286,8139
1287,8932
1288,7845
1289,4674
1290,6645
1291,4196
1292,4948
1293,5984
1294,5040
1295,4854
1296,6172
1297,4842
1298,6057
1299,4853
1300,6062
1301,5803
1302,7983
1303,4989
1304,7378
1305,7802
1306,6925
1307,5976
1308,4433
1309,4174
1310,8923
1311,5374
1312,6692
1313,5584
1314,6076
1315,7527
1316,8596
1317,6726
1318,5599
1319,4615
1320,6843
1321,6768
1322,7274
1323,5318
1324,5341
1325,6421
1326,8705
1327,8067
1328,8895
1329,6959
1330,6602
1331,8296
1332,4433
1333,5902
1334,5416
1335,4333
1336,4066
1337,4965
1338,4188
1339,5630
1340,8225
1341,6032
1342,7204
1343,5229
1344,4949
1345,7789
1346,4237
1347,5531
1348,6137
1349,5152
1350,4656
1351,8362
1352,6864
1353,4733
1354,6677
1355,6662
1356,4667
1357,4081
1358,8028
1359,7882
1360,5303
1361,7339
1362,8245
1363,5658
1364,8334
1365,4490
1366,6535
1367,6864
1368,7848
1369,6781
1370,5938
1371,5019
1372,8576
1373,5916
1374,7478
1375,7826
1376,7845
1377,6022
1378,7955
1379,5908
1380,5785
1381,4840
1382,4631
1383,6373
1384,5303
1385,7943
1386,6962
1387,8798
1388,7891
1389,4457
1390,7586
1391,5093
1392,7134
1393,6876
1394,4839
1395,6708
1396,8459
1397,7534
1398,6631
1399,6969
1400,6551
1401,5622
1402,7570
1403,8336
1404,6222
1405,5169
1406,8270
1407,5224
1408,8282
1409,5094
1410,6742
1411,6347
1412,8019
1413,5406
1414,4897
1415,6680
1416,4415
1417,8933
1418,5146
1419,5261
1420,6167
1421,5087
1422,5475
1423,8427
1424,4570
1425,7830
1426,7446
1427,5066
1428,4862
1429,5853
1430,7913
1431,7578
1432,7191
1433,6399
1434,6027
1435,4780
1436,6718
1437,7169
1438,8147
1439,5705
1440,4168
1441,7067
1442,6824
1443,8908
1444,4281
1445,5082
1446,7365
1447,8336
1448,5499
1449,4583
1450,4681
1451,5454
1452,5736
1453,4587
1454,6280
1455,4738
1456,4601
1457,5530
1458,7359
1459,5231
1460,6450
1461,8215
1462,6630
1463,8393
1464,4648
1465,4779
1466,4880
1467,6289
1468,4590
1469,5977
1470,8547
1471,5597
1472,5154
1473,8264
1474,7885
1475,8710
1476,4609
1477,6850
1478,6347
1479,6590
1480,5248
1481,8483
1482,6851
1483,8514
1484,5164
1485,8406
1486,4898
1487,7048
1488,4858
1489,5379
1490,5757
1491,7738
1492,6057
1493,8171
1494,5525
1495,5863
1496,8081
1497,4644
1498,4565
1499,4826
1500,4852
1501,7116
1502,5551
1503,5156
1504,7216
1505,7689
1506,5845
1507,7584
1508,5938
1509,5904
1510,7939
1511,8237
1512,4904
1513,5124
1514,5579
1515,4883
1516,8742
1517,5537
1518,6533
1519,7492
1520,8144
1521,6597
1522,8734
1523,4270
1524,8689
1525,8731
1526,7427
1527,6475
1528,4236
1529,4241
1530,8217
1531,7145
1532,5532
1533,8209
1534,4300
1535,8356
1536,7497
1537,8797
1538,7305
1539,6883
1540,6826
1541,8969
1542,4279
1543,7604
1544,7075
1545,8847
1546,5585
1547,6993
1548,7582
1549,7843
1550,8373
1551,5864
1552,7900
1553,7985
1554,7390
1555,7087
1556,8085
1557,7565
1558,5402
1559,6843
1560,7582
1561,8695
1562,6695
1563,4191
1564,4342
1565,7082
1566,6740
1567,7132
1568,7907
1569,8859
1570,8108
1571,8512
1572,6008
1573,5642
1574,5983
1575,8226
1576,4363
1577,6879
1578,7317
1579,7748
1580,7518
1581,5574
1582,8776
1583,6697
1584,5742
1585,5404
1586,8070
1587,8195
1588,5773
1589,5908
1590,6090
1591,6893
1592,6882
1593,5281
1594,5444
1595,5333
1596,7116
1597,7671
1598,8062
1599,6885
1600,5963
1601,5810
1602,5119
1603,6886
1604,4148
1605,7842
1606,4634
1607,5830
1608,4334
1609,6740
1610,8024
1611,5235
1612,6818
1613,8813
1614,4091
1615,5348
1616,5965
1617,4139
1618,6680
1619,6869
1620,5251
1621,7964
1622,5966
1623,4354
1624,5864
1625,8191
1626,8069
1627,4636
1628,5257
1629,4504
1630,4472
1631,6233
1632,5785
1633,7331
1634,7961
1635,6162
1636,7229
1637,8410
1638,5362
1639,5987
1640,7323
1641,4114
1642,5249
1643,5027
1644,6927
1645,8474
1646,4720
1647,6985
1648,5617
1649,8756
1650,5709
1651,5982
1652,5758
1653,6741
1654,7392
1655,5464
1656,4701
1657,5562
1658,5361
1659,5926
1660,6798
1661,7454
1662,5938
1663,4739
1664,6830
1665,6645
1666,5647
1667,6412
1668,8314
1669,4783
1670,4826
1671,8224
1672,6911
1673,8713
1674,6613
1675,8685
1676,7256
1677,4077
1678,4970
1679,7454
1680,4141
1681,6786
1682,7153
1683,7768
1684,6807
1685,6811
1686,7180
1687,6878
1688,6195
1689,4325
1690,4724
1691,7055
1692,4535
1693,6453
1694,4783
1695,8081
1696,7142
1697,7829
1698,8535
1699,7943
1700,4345
1701,8871
1702,8565
1703,8584
1704,8154
1705,5959
1706,8844
1707,8425
1708,5679
1709,7436
1710,5531
1711,5967
1712,6424
1713,6505
1714,5145
1715,6670
1716,8798
1717,5003
1718,5102
1719,8268
1720,4216
1721,5583
1722,7494
1723,8346
1724,8072
1725,8630
1726,6763
1727,8635
1728,7575
1729,4385
1730,8957
1731,6371
1732,4505
1733,6176
1734,6685
1735,8472
1736,5915
1737,7728
1738,4777
1739,8797
1740,5375
1741,6441
1742,8860
1743,8941
1744,4195
1745,5158
1746,6691
1747,4827
1748,8197
1749,6739
1750,6969
1751,6606
1752,5224
1753,8143
1754,6542
1755,7085
1756,7965
1757,8567
1758,4334
1759,6226
1760,4580
1761,6800
1762,7984
1763,8886
1764,7681
1765,8169
1766,7207
1767,7394
1768,8957
1769,6975
1770,8138
1771,6738
1772,5925
1773,8367
1774,5180
1775,8723
1776,8203
1777,7610
1778,7822
1779,5088
1780,4145
1781,7326
1782,4301
1783,7959
1784,7131
1785,6643
1786,8906
1787,7138
1788,6821
1789,6190
1790,4274
1791,5391
1792,5312
1793,7920
1794,5143
1795,6619
1796,6294
1797,8440
1798,5885
1799,4076
1800,4754
1801,8244
1802,7983
1803,7718
1804,7538
1805,6759
1806,5023
1807,5125
1808,8114
1809,7682
1810,6567
1811,5666
1812,4388
1813,6633
1814,8069
1815,7053
1816,6254
1817,6575
1818,6777
1819,4547
1820,6360
1821,7373
1822,7348
1823,8864
1824,8636
1825,6534
1826,6238
1827,7464
1828,5883
1829,5178
1830,7532
1831,5327
1832,7464
1833,4406
1834,5452
1835,7784
1836,8822
1837,4442
1838,8558
1839,6644
1840,5391
1841,6122
1842,4733
1843,5409
1844,7452
1845,8571
1846,5150
1847,6828
1848,6380
1849,7353
1850,7158
1851,7911
1852,5613
1853,4812
1854,6868
1855,7461
1856,7049
1857,6591
1858,8750
1859,4187
1860,7623
1861,6808
1862,6024
1863,4485
1864,6011
1865,5639
1866,7492
1867,4805
1868,6607
1869,5151
1870,5527
1871,5059
1872,4735
1873,5865
1874,6937
1875,5033
1876,6001
1877,7716
1878,7052
1879,5258
1880,8260
1881,5437
1882,4386
1883,6611
1884,4071
1885,4737
1886,8499
1887,8966
1888,6544
1889,7213
1890,4566
1891,4925
1892,5934
1893,7081
1894,6553
1895,4327
1896,8882
1897,8722
1898,5198
1899,7373
1900,6208
1901,5127
1902,5751
1903,5230
1904,5487
1905,8356
1906,6843
1907,8313
1908,4651
1909,5955
1910,6364
1911,6620
1912,8007
1913,5413
1914,7953
1915,4796
1916,5078
1917,5626
1918,8735
1919,6377
1920,7162
1921,5950
1922,8464
1923,4640
1924,7984
1925,4665
1926,5393
1927,4694
1928,7817
1929,4751
1930,4617
1931,8694
1932,5725
1933,5081
1934,7913
1935,8213
1936,5471
1937,7808
1938,5711
1939,6782
1940,7310
1941,5286
1942,6043
1943,4161
1944,5881
1945,6846
1946,7353
1947,8212
1948,7050
1949,5150
1950,5143
1951,5075
1952,7056
1953,8493
1954,8491
1955,7945
1956,5040
1957,4716
1958,8817
1959,8557
1960,7915
1961,5024
1962,6389
1963,8315
1964,5494
1965,6248
1966,4643
1967,5944
1968,6440
1969,5919
1970,7441
1971,8341
1972,7592
1973,8482
1974,7579
1975,5108
1976,4204
1977,5542
1978,4921
1979,8651
1980,8472
1981,6077
1982,5074
1983,5610
1984,5113
1985,8355
1986,7032
1987,4737
1988,4619
1989,7500
1990,4815
1991,5655
1992,6815
1993,6854
1994,7567
1995,5132
1996,6212
1997,8096
1998,6934
1999,6531
2000,4272
2001,6086
2002,6152
2003,5774
2004,4220
2005,7845
2006,6442
2007,7140
2008,6387
2009,6287
2010,8526
2011,6539
2012,6961
2013,5552
2014,5052
2015,5767
2016,8590
2017,6110
2018,8262
2019,5117
2020,6268
2021,7241
2022,5452
2023,7338
2024,6535
2025,4537
2026,4928
2027,4480
2028,6800
2029,5320
2030,5099
2031,4623
2032,7084
2033,7369
2034,6699
2035,6546
2036,8345
2037,8165
2038,8890
2039,5100
2040,8088
2041,6295
2042,7931
2043,7157
2044,6768
2045,6438
2046,7838
2047,8771
2048,8323
2049,8625
2050,7564
2051,5814
2052,6260
2053,5993
2054,5628
2055,4837
2056,8795
2057,4070
2058,4903
2059,7828
2060,6610
2061,5704
2062,8263
2063,8681
2064,6210
2065,6007
2066,5478
2067,4276
2068,7264
2069,7191
2070,5000
2071,6958
2072,6209
2073,4971
2074,6282
2075,6636
2076,6931
2077,6376
2078,5019
2079,8001
2080,6242
2081,8626
2082,4596
2083,4219
2084,5418
2085,7302
2086,4548
2087,4802
2088,8854
2089,5539
2090,7668
2091,6298
2092,6309
2093,4592
2094,5322
2095,7331
2096,4987
2097,5267
2098,5849
2099,7993
2100,6836
2101,7175
2102,7477
2103,7014
2104,6903
2105,8001
2106,7568
2107,8331
2108,7020
2109,5611
2110,4187
2111,7038
2112,4088
2113,5456
2114,6968
2115,8816
2116,7707
2117,6888
2118,7848
2119,6859
2120,4453
2121,8412
2122,6554
2123,6877
2124,8016
2125,6761
2126,8096
2127,4791
2128,4380
2129,6776
2130,4547
2131,7274
2132,7363
2133,7849
2134,4179
2135,5060
2136,7900
2137,8136
2138,8430
2139,7524
2140,5747
2141,5892
2142,7890
2143,5111
2144,6176
2145,7897
2146,6816
2147,5816
2148,6716
2149,7303
2150,7469
2151,8562
2152,5986
2153,7293
2154,8803
2155,5881
2156,6937
2157,4790
2158,4805
2159,8207
2160,5387
2161,7496
2162,5148
2163,6732
2164,5483
2165,5676
2166,8105
2167,5056
2168,8882
2169,8133
2170,6769
2171,6833
2172,7333
2173,5961
2174,8284
2175,8773
2176,4867
2177,7523
2178,4325
2179,8744
2180,7945
2181,7544
2182,6836
2183,4590
2184,5843
2185,8927
2186,6711
2187,6923
2188,7036
2189,8522
2190,7890
2191,8384
2192,5080
2193,6262
2194,5579
2195,5777
2196,4810
2197,6066
2198,5844
2199,6818
2200,8488
2201,8478
2202,5698
2203,5718
2204,6484
2205,6654
2206,6339
2207,8462
2208,5624
2209,6791
2210,6097
2211,8670
2212,7457
2213,4858
2214,5097
2215,7197
2216,7333
2217,8582
2218,4254
2219,6632
2220,4679
2221,6301
2222,7205
2223,4318
2224,7850
2225,7019
2226,5984
2227,7447
2228,6696
2229,4601
2230,6120
2231,5749
2232,8686
2233,6873
2234,7258
2235,6714
2236,6026
2237,4131
2238,7207
2239,4597
2240,6357
2241,6705
2242,4655
2243,8545
2244,8753
2245,5388
2246,5811
2247,4642
2248,5540
2249,5901
2250,7781
2251,6357
2252,6979
2253,4852
2254,5917
2255,6578
2256,7938
2257,8256
2258,7471
2259,4402
2260,6812
2261,4630
2262,5385
2263,4987
2264,7943
2265,7642
2266,7571
2267,8483
2268,5949
2269,4538
2270,5128
2271,4451
2272,5709
2273,6613
2274,6394
2275,5617
2276,6998
2277,8166
2278,5594
2279,4488
2280,7728
2281,7259
2282,4341
2283,5726
2284,5914
2285,5493
2286,5428
2287,5416
2288,7795
2289,6301
2290,4923
2291,4555
2292,4166
2293,8468
2294,7649
2295,4515
2296,4195
2297,6226
2298,6016
2299,6870
2300,7157
2301,5688
2302,8798
2303,7960
2304,6092
2305,8406
2306,8317
2307,6824
2308,8367
2309,7111
2310,8899
2311,6065
2312,6686
2313,7952
2314,8366
2315,4172
2316,5090
2317,6817
2318,8261
2319,6951
2320,6880
2321,5048
2322,6613
2323,8142
2324,5876
2325,4488
2326,8638
2327,5381
2328,4659
2329,6103
2330,8092
2331,4530
2332,4183
2333,4560
2334,5915
2335,7528
2336,5669
2337,5712
2338,6579
2339,8484
2340,5289
2341,7768
2342,7248
2343,6381
2344,6395
2345,7140
2346,5483
2347,7836
2348,7174
2349,7362
2350,8126
2351,6644
2352,8769
2353,8841
2354,7980
2355,7277
2356,4284
2357,7587
2358,5980
2359,6326
2360,7346
2361,7889
2362,7055
2363,6254
2364,4684
2365,5721
2366,4568
2367,5103
2368,4319
2369,6600
2370,7119
2371,6500
2372,6102
2373,8790
2374,4888
2375,8050
2376,8186
2377,6241
2378,6463
2379,4833
2380,4576
2381,4362
2382,7840
2383,4592
2384,8657
2385,8254
2386,7267
2387,7718
2388,7448
2389,8553
2390,8158
2391,5301
2392,7216
2393,8509
2394,4809
2395,8700
2396,6906
2397,7982
2398,5227
2399,8043
2400,4735
2401,4705
2402,5132
2403,7190
2404,5858
2405,7194
2406,7689
2407,4586
2408,8103
2409,8215
2410,6165
2411,5757
2412,5588
2413,6469
2414,6218
2415,7769
2416,8876
2417,8389
2418,6795
2419,7728
2420,6446
2421,4878
2422,8902
2423,4950
2424,4286
2425,4839
2426,7848
2427,5367
2428,6637
2429,5534
2430,6002
2431,4870
2432,4596
2433,4817
2434,8821
2435,4134
2436,6383
2437,5314
2438,8025
2439,5980
2440,4496
2441,8237
2442,4278
2443,6573
2444,5452
2445,7304
2446,5236
2447,7452
2448,7989
2449,4844
2450,4225
2451,5438
2452,5869
2453,6640
2454,5238
2455,8845
2456,4755
2457,5148
2458,5871
2459,8685
2460,6369
2461,7238
2462,5237
2463,8644
2464,7740
2465,5628
2466,7508
2467,6765
2468,5973
2469,7861
2470,4748
2471,8003
2472,4885
2473,4205
2474,7064
2475,8912
2476,4336
2477,8826
2478,4512
2479,4581
2480,8661
2481,5064
2482,5271
2483,6056
2484,4845
2485,8919
2486,8396
2487,6252
2488,5133
2489,7694
2490,4916
2491,5475
2492,5453
2493,7929
2494,7416
2495,5624
2496,5258
2497,5345
2498,8914
2499,7430
2500,7081
2501,6670
2502,7708
2503,4480
2504,5293
2505,7632
2506,6981
2507,7960
2508,7246
2509,7227
2510,8238
2511,6035
2512,7894
2513,7599
2514,5053
2515,5232
2516,7030
2517,6192
2518,4825
2519,5098
2520,5859
2521,7018
2522,6914
2523,4286
2524,5835
2525,8385
2526,5569
2527,6664
2528,7999
2529,7112
2530,5114
2531,6040
2532,5060
2533,5581
2534,6751
2535,8115
2536,5714
2537,4451
2538,4716
2539,8338
2540,8031
2541,7467
2542,6269
2543,7347
2544,4746
2545,5945
2546,6198
2547,6406
2548,7335
2549,5655
2550,8697
2551,6892
2552,7529
2553,7067
2554,4228
2555,7070
2556,4720
2557,7801
2558,7201
2559,7656
2560,8194
2561,7786
2562,7648
2563,4161
2564,5487
2565,6718
2566,8634
2567,4460
2568,8252
2569,5633
2570,5850
2571,4542
2572,7403
2573,6847
2574,4924
2575,7605
2576,7875
2577,8026
2578,7996
2579,5819
2580,6539
2581,7796
2582,6140
2583,4910
2584,7894
2585,5499
2586,6424
2587,4075
2588,7521
2589,7574
2590,8819
2591,5616
2592,6455
2593,5140
2594,8548
2595,4719
2596,7377
2597,8948
2598,8203
2599,5799
2600,5513
2601,5864
2602,5145
2603,8456
2604,4167
2605,5824
2606,8934
2607,5791
2608,6250
2609,4939
2610,4828
2611,4546
2612,7270
2613,6698
2614,6342
2615,5251
2616,4533
2617,6644
2618,7349
2619,4537
2620,5077
2621,7704
2622,5624
2623,8846
2624,7500
2625,8652
2626,6816
2627,5914
2628,8755
2629,4515
2630,8652
2631,5879
2632,7436
2633,8969
2634,7163
2635,4774
2636,7010
2637,6082
2638,5554
2639,6578
2640,5068
2641,4917
2642,8887
2643,6487
2644,6081
2645,6845
2646,7222
2647,6206
2648,4887
2649,4254
2650,8403
2651,4309
2652,5646
2653,6268
2654,6723
2655,8886
2656,4884
2657,6363
2658,5814
2659,8299
2660,5090
2661,4644
2662,8963
2663,6244
2664,6288
2665,6621
2666,4752
2667,8767
2668,8587
2669,7141
2670,5468
2671,4288
2672,6645
2673,5870
2674,6740
2675,7527
2676,8183
2677,5581
2678,4549
2679,4819
2680,7243
2681,6842
2682,6279
2683,7183
2684,7300
2685,7157
2686,7852
2687,4605
2688,7221
2689,4300
2690,8840
2691,6567
2692,7883
2693,4812
2694,8797
2695,8761
2696,5727
2697,6205
2698,4464
2699,5230
2700,7181
2701,6828
2702,5563
2703,8684
2704,6680
2705,8420
2706,7392
2707,6978
2708,5529
2709,6757
2710,7449
2711,6320
2712,5711
2713,5579
2714,8555
2715,7177
2716,8671
2717,6525
2718,7292
2719,4084
2720,4533
2721,6767
2722,4681
2723,7455
2724,6932
2725,8553
2726,7687
2727,8243
2728,8601
2729,5433
2730,6863
2731,6151
2732,6083
2733,7194
2734,6282
2735,7678
2736,5503
2737,4424
2738,8482
2739,6472
2740,4615
2741,4153
2742,8449
2743,7743
2744,7653
2745,5846
2746,8948
2747,6624
2748,7496
2749,6255
2750,7857
2751,4932
2752,7167
2753,6196
2754,4652
2755,4368
2756,8513
2757,7025
2758,8722
2759,4913
2760,7891
2761,7235
2762,8201
2763,4558
2764,8241
2765,7330
2766,7982
2767,4893
2768,7628
2769,8534
2770,4202
2771,8498
2772,8851
2773,4883
2774,6036
2775,4572
2776,6032
2777,4902
2778,5074
2779,5643
2780,7371
2781,4586
2782,8480
2783,8901
2784,6862
2785,8391
2786,6308
2787,8222
2788,4965
2789,7083
2790,5167
2791,5063
2792,6530
2793,6989
2794,5602
2795,4353
2796,4472
2797,4647
2798,7256
2799,8592
2800,4186
2801,4292
2802,8022
2803,7971
2804,8456
2805,6741
2806,5858
2807,7475
2808,5005
2809,5852
2810,7120
2811,4751
2812,8873
2813,5231
2814,8582
2815,5932
2816,5064
2817,8749
2818,7357
2819,8690
2820,8085
2821,8926
2822,7965
2823,7307
2824,7729
2825,8723
2826,8626
2827,4693
2828,7926
2829,5969
2830,4849
2831,4478
2832,4855
2833,4454
2834,6330
2835,5218
2836,4523
2837,5196
2838,8360
2839,6206
2840,8184
2841,7593
2842,6847
2843,6256
2844,5040
2845,5427
2846,4694
2847,6203
2848,8860
2849,7442
2850,8262
2851,8848
2852,7038
2853,8864
2854,5387
2855,6127
2856,4438
2857,7533
2858,5445
2859,7260
2860,6188
2861,6095
2862,7321
2863,8096
2864,4306
2865,6044
2866,4469
2867,4868
2868,6469
2869,7471
2870,6036
2871,6274
2872,5486
2873,6634
2874,6531
2875,8586
2876,5662
2877,7242
2878,6197
2879,5021
2880,8315
2881,7096
2882,4473
2883,5884
2884,5040
2885,6357
2886,5118
2887,6033
2888,4790
2889,7459
2890,6788
2891,7972
2892,6972
2893,4775
2894,4615
2895,4088
2896,4668
2897,7415
2898,7328
2899,5971
2900,8835
2901,5740
2902,7426
2903,8371
2904,6645
2905,5866
2906,8601
2907,5222
2908,6273
2909,5993
2910,4233
2911,5355
2912,4965
2913,4499
2914,4429
2915,4316
2916,6741
2917,6651
2918,6315
2919,7276
2920,4958
2921,5791
2922,8101
2923,4925
2924,8583
2925,7361
2926,5654
2927,7200
2928,5099
2929,8859
2930,4628
2931,6966
2932,5814
2933,8685
2934,8297
2935,5496
2936,4495
2937,5704
2938,5600
2939,4792
2940,5929
2941,8804
2942,5066
2943,7251
2944,4092
2945,7291
2946,4897
2947,5350
2948,6995
2949,6895
2950,7701
2951,5580
2952,4723
2953,5639
2954,8181
2955,5476
2956,5920
2957,8132
2958,4684
2959,6907
2960,4726
2961,7225
2962,6169
2963,5872
2964,7309
2965,5817
2966,4938
2967,5666
2968,6932
2969,8050
2970,5690
2971,8854
2972,7929
2973,6947
2974,5863
2975,8643
2976,7327
2977,7523
2978,5776
2979,5629
2980,8650
2981,6321
2982,5365
2983,6671
2984,5788
2985,6241
2986,5275
2987,5598
2988,7106
2989,4123
2990,4343
2991,4192
2992,8614
2993,6869
2994,8278
2995,7236
2996,6388
2997,8467
2998,4151
2999,5499
3000,6991
3001,6489
3002,5025
3003,7895
3004,7802
3005,4728
3006,5258
3007,4906
3008,8332
3009,6815
3010,5284
3011,6886
3012,4190
3013,5589
3014,5867
3015,5675
3016,4485
3017,7267
3018,7139
3019,5494
3020,5143
3021,7206
3022,5542
3023,5033
3024,4687
3025,7133
3026,8704
3027,5606
3028,8173
3029,4990
3030,6203
3031,6166
3032,5209
3033,8808
3034,6784
3035,5311
3036,7536
3037,5825
3038,6488
3039,8130
3040,5032
3041,4921
3042,7408
3043,7660
3044,8333
3045,8266
3046,6377
3047,8514
3048,5648
3049,8112
3050,8623
3051,5361
3052,6942
3053,8305
3054,6781
3055,8027
3056,7028
3057,4744
3058,5639
3059,4346
3060,4315
3061,4777
3062,6603
3063,6149
3064,6400
3065,4298
3066,4110
3067,5224
3068,7922
3069,6673
3070,5775
3071,7369
3072,5984
3073,5772
3074,6413
3075,4556
3076,8165
3077,4092
3078,6157
3079,7644
3080,7780
3081,4676
3082,7716
3083,8060
3084,4161
3085,5291
3086,5417
3087,8446
3088,7557
3089,8618
3090,7432
3091,6095
3092,4321
3093,8086
3094,7422
3095,7780
3096,4379
3097,5792
3098,5071
3099,6824
3100,4295
3101,6389
3102,8316
3103,7822
3104,6771
3105,6395
3106,4628
3107,5007
3108,4446
3109,6247
3110,5479
3111,7001
3112,5057
3113,7434
3114,4358
3115,6938
3116,7622
3117,6362
3118,7829
3119,8323
3120,5381
3121,8847
3122,7866
3123,5206
3124,5356
3125,7386
3126,7016
3127,4849
3128,5402
3129,4962
3130,4253
3131,4833
3132,5279
3133,5853
3134,8128
3135,5388
3136,6729
3137,6756
3138,6985
3139,8280
3140,5127
3141,5279
3142,7730
3143,5349
3144,7594
3145,4122
3146,5813
3147,6778
3148,8490
3149,6994
3150,6077
3151,4064
3152,4246
3153,6456
3154,7133
3155,8434
3156,6696
3157,6950
3158,6753
3159,6690
3160,6091
3161,8084
3162,4215
3163,6978
3164,4949
3165,6415
3166,7322
3167,5733
3168,4904
3169,6685
3170,5386
3171,8019
3172,7433
3173,4700
3174,4241
3175,8688
3176,8530
3177,6802
3178,4128
3179,5107
3180,8340
3181,5490
3182,7940
3183,5690
3184,7680
3185,7737
3186,5228
3187,4416
3188,4088
3189,5821
3190,6566
3191,8120
3192,6356
3193,8164
3194,6150
3195,8884
3196,7381
3197,4686
3198,5790
3199,7609
3200,7623
3201,5904
3202,5008
3203,6466
3204,4780
3205,7545
3206,8502
3207,5878
3208,6142
3209,6009
3210,7387
3211,8102
3212,5168
3213,5183
3214,7770
3215,6913
3216,5970
3217,4971
3218,4772
3219,6446
3220,5477
3221,6840
3222,7153
3223,6172
3224,5118
3225,4423
3226,6491
3227,6195
3228,5365
3229,6622
3230,6202
3231,7014
3232,4270
3233,7883
3234,7492
3235,6783
3236,8210
3237,6080
3238,5202
3239,7211
3240,6883
3241,8916
3242,6318
3243,4132
3244,7403
3245,4579
3246,6871
3247,5848
3248,8291
3249,7436
3250,7485
3251,4160
3252,6437
3253,8243
3254,4160
3255,5497
3256,5020
3257,8920
3258,6912
3259,6304
3260,5380
3261,5199
3262,8154
3263,6226
3264,6584
3265,6522
3266,7918
3267,8516
3268,8302
3269,5934
3270,4195
3271,8557
3272,4473
3273,7338
3274,8756
3275,6753
3276,4832
3277,5252
3278,4952
3279,4108
3280,4753
3281,8670
3282,7722
3283,4444
3284,5945
3285,7114
3286,8950
3287,4084
3288,7733
3289,4198
3290,8173
3291,4245
3292,5101
3293,6973
3294,6141
3295,7778
3296,5219
3297,7734
3298,4971
3299,6117
3300,4484
3301,5513
3302,6160
3303,6480
3304,4957
3305,6515
3306,6517
3307,8070
3308,4326
3309,7337
3310,8790
3311,6643
3312,6878
3313,5899
3314,4790
3315,8214
3316,8054
3317,7408
3318,7711
3319,8094
3320,7905
3321,8620
3322,5235
3323,8214
3324,5331
3325,8054
3326,5632
3327,7670
3328,5817
3329,5098
3330,7270
3331,4360
3332,7406
3333,8478
3334,6928
3335,4235
3336,6259
3337,8692
3338,5349
3339,5666
3340,4227
3341,5082
3342,6926
3343,5720
3344,4205
3345,6328
3346,5687
3347,8168
3348,7833
3349,4121
3350,8407
3351,7730
3352,4157
3353,7777
3354,6913
3355,8140
3356,8067
3357,6456
3358,6587
3359,4172
3360,6762
3361,6603
3362,4187
3363,5650
3364,4435
3365,4210
3366,8381
3367,5019
3368,4192
3369,4209
3370,8237
3371,8710
3372,7243
3373,7441
3374,5193
3375,6018
3376,8366
3377,4895
3378,8332
3379,7984
3380,6665
3381,6884
3382,7321
3383,5938
3384,7023
3385,7712
3386,5847
3387,8136
3388,4657
3389,6529
3390,6531
3391,4314
3392,8585
3393,6689
3394,8187
3395,4672
3396,7871
3397,5271
3398,8657
3399,8149
3400,6846
3401,8695
3402,7431
3403,4548
3404,5081
3405,6719
3406,4203
3407,6913
3408,5643
3409,5572
3410,8834
3411,6379
3412,7003
3413,7363
3414,8863
3415,7910
3416,7429
3417,8883
3418,8940
3419,7334
3420,7975
3421,4383
3422,6126
3423,4400
3424,7778
3425,5625
3426,5696
3427,7846
3428,6157
3429,5807
3430,8724
3431,8526
3432,6421
3433,4608
3434,5704
3435,6150
3436,4621
3437,8020
3438,6203
3439,5892
3440,5850
3441,4962
3442,5403
3443,4937
3444,6767
3445,6301
3446,8272
3447,8541
3448,5060
3449,5354
3450,8493
3451,6114
3452,6726
3453,4539
3454,4826
3455,5112
3456,6964
3457,8626
3458,5768
3459,4778
3460,8514
3461,5208
3462,6391
3463,5952
3464,5163
3465,4383
3466,7544
3467,5800
3468,5472
3469,4905
3470,7775
3471,5314
3472,8119
3473,4146
3474,5365
3475,6645
3476,5658
3477,5166
3478,4250
3479,7184
3480,6128
3481,6995
3482,6398
3483,6065
3484,5784
3485,4745
3486,5501
3487,4276
3488,4251
3489,8145
3490,6014
3491,5544
3492,5841
3493,8968
3494,4596
3495,8950
3496,5731
3497,6625
3498,5582
3499,5076
3500,8065
3501,4082
3502,7247
3503,6730
3504,5558
3505,8494
3506,8300
3507,5376
3508,6289
3509,8930
3510,8016
3511,8723
3512,4228
3513,5466
3514,6373
3515,7913
3516,4153
3517,7675
3518,4086
3519,8259
3520,5000
3521,4581
3522,4238
3523,6818
3524,6425
3525,6204
3526,5843
3527,7783
3528,7297
3529,8254
3530,7492
3531,8538
3532,5423
3533,6530
3534,7937
3535,6712
3536,4388
3537,8516
3538,6128
3539,8375
3540,7239
3541,8034
3542,7030
3543,7981
3544,6634
3545,5633
3546,4536
3547,6430
3548,8471
3549,8507
3550,6335
3551,7670
3552,8075
3553,8924
3554,8409
3555,6777
3556,7529
3557,6449
3558,5667
3559,5354
3560,5402
3561,5342
3562,4924
3563,5110
3564,8905
3565,7701
3566,8350
3567,7238
3568,5524
3569,4248
3570,4647
3571,4836
3572,4496
3573,5477
3574,7680
3575,6971
3576,7277
3577,7964
3578,7144
3579,4300
3580,8780
3581,8293
3582,7591
3583,4395
3584,7390
3585,6792
3586,5169
3587,5268
3588,7010
3589,4935
3590,7530
3591,7485
3592,7085
3593,4895
3594,4331
3595,5283
3596,7471
3597,6816
3598,8673
3599,4613
3600,4131
3601,7368
3602,6884
3603,6378
3604,4513
3605,6407
3606,6334
3607,6698
3608,8279
3609,4193
3610,8229
3611,8161
3612,7250
3613,8494
3614,4761
3615,5975
3616,5730
3617,4647
3618,8475
3619,8219
3620,6975
3621,4438
3622,7307
3623,4369
3624,8203
3625,6321
3626,6018
3627,5379
3628,8640
3629,7627
3630,7688
3631,5785
3632,6314
3633,5474
3634,7281
3635,4555
3636,6522
3637,6330
3638,7417
3639,8770
3640,7911
3641,4406
3642,4895
3643,7665
3644,7852
3645,8499
3646,4634
3647,8260
3648,6782
3649,5247
3650,7025
3651,4318
3652,5827
3653,8902
3654,5462
3655,4959
3656,6530
3657,8548
3658,7511
3659,5392
3660,4482
3661,6010
3662,8580
3663,7869
3664,4439
3665,8463
3666,7834
3667,4752
3668,8318
3669,7464
3670,7959
3671,7374
3672,6468
3673,6406
3674,6340
3675,4332
3676,7596
3677,7716
3678,5512
3679,4950
3680,6067
3681,5757
3682,5206
3683,8377
3684,4128
3685,8717
3686,6214
3687,5437
3688,8123
3689,8168
3690,7602
3691,6019
3692,4619
3693,8495
3694,6125
3695,7170
3696,5461
3697,8771
3698,7755
3699,8278
3700,4176
3701,4530
3702,8193
3703,8946
3704,4462
3705,8110
3706,7951
3707,6889
3708,5285
3709,6809
3710,6599
3711,7487
3712,5948
3713,8789
3714,8483
3715,7267
3716,8285
3717,6995
3718,6668
3719,8329
3720,5606
3721,8893
3722,8267
3723,7315
3724,7691
3725,5714
3726,8380
3727,8348
3728,6062
3729,7472
3730,6732
3731,8719
3732,6759
3733,6477
3734,8427
3735,4465
3736,5271
3737,5886
3738,6876
3739,6317
3740,7063
3741,6907
3742,6635
3743,8539
3744,7495
3745,7470
3746,5678
3747,8084
3748,8806
3749,8450
3750,5214
3751,7891
3752,7676
3753,4249
3754,4499
3755,4192
3756,8318
3757,8078
3758,7208
3759,6614
3760,6174
3761,8188
3762,8308
3763,4623
3764,7559
3765,5029
3766,6556
3767,7493
3768,8254
3769,4241
3770,8036
3771,5662
3772,4513
3773,6168
3774,4728
3775,8448
3776,7460
3777,8182
3778,4663
3779,6496
3780,8431
3781,5281
3782,7371
3783,8904
3784,5736
3785,5948
3786,5468
3787,7988
3788,7535
3789,6330
3790,5284
3791,8346
3792,5475
3793,5643
3794,4735
3795,4663
3796,5529
3797,8826
3798,6871
3799,4618
3800,5666
3801,4808
3802,4801
3803,6911
3804,4714
3805,6611
3806,6431
3807,6343
3808,7063
3809,5383
3810,7336
3811,6302
3812,5560
3813,8969
3814,4993
3815,4960
3816,5148
3817,8785
3818,5300
3819,4757
3820,8507
3821,5753
3822,6371
3823,7585
3824,8344
3825,6588
3826,5140
3827,8046
3828,5668
3829,7305
3830,4418
3831,4609
3832,8754
3833,5923
3834,6194
3835,7830
3836,8003
3837,5290
3838,4227
3839,5326
3840,8810
3841,6979
3842,7467
3843,7951
3844,6616
3845,6582
3846,5448
3847,7997
3848,8183
3849,8451
3850,5333
3851,4750
3852,5984
3853,5999
3854,5056
3855,8899
3856,8578
3857,4822
3858,6204
3859,5476
3860,4689
3861,7820
3862,7687
3863,8409
3864,6382
3865,6594
3866,7670
3867,7373
3868,6731
3869,6133
3870,8891
3871,5137
3872,5439
3873,6124
3874,5410
3875,5627
3876,5681
3877,7156
3878,6556
3879,4708
3880,7169
3881,5714
3882,6571
3883,5878
3884,8722
3885,6867
3886,4395
3887,8559
3888,7394
3889,5774
3890,7365
3891,8766
3892,4489
3893,5007
3894,5820
3895,5781
3896,5967
3897,7054
3898,4679
3899,8590
3900,5339
3901,7119
3902,4297
3903,6241
3904,7957
3905,4397
3906,8272
3907,7871
3908,4168
3909,8077
3910,8116
3911,5735
3912,5139
3913,7518
3914,5796
3915,4869
3916,8383
3917,5307
3918,4580
3919,7928
3920,7607
3921,8075
3922,6719
3923,4623
3924,5632
3925,8777
3926,5816
3927,7620
3928,6917
3929,7969
3930,8507
3931,5118
3932,5019
3933,7288
3934,8884
3935,7659
3936,5522
3937,5756
3938,4359
3939,6590
3940,5491
3941,4867
3942,7594
3943,8447
3944,4523
3945,8518
3946,4754
3947,7629
3948,5715
3949,6292
3950,4520
3951,4499
3952,7496
3953,5450
3954,4664
3955,7595
3956,6651
3957,8446
3958,4735
3959,5093
3960,4792
3961,6159
3962,5518
3963,7834
3964,6582
3965,8870
3966,8416
3967,5578
3968,7938
3969,4729
3970,7302
3971,5813
3972,6790
3973,6520
3974,6253
3975,8864
3976,4110
3977,8786
3978,8925
3979,8556
3980,4810
3981,5042
3982,4088
3983,8759
3984,7551
3985,8666
3986,4629
3987,4822
3988,7200
3989,4351
3990,4545
3991,6597
3992,6143
3993,4854
3994,8906
3995,5333
3996,4658
3997,4378
3998,8749
3999,5017
4000,5314
4001,8529
4002,8056
4003,6412
4004,5260
4005,4480
4006,7951
4007,5032
4008,8464
4009,4315
4010,8580
4011,5011
4012,5011
4013,8213
4014,6269
4015,6475
4016,6292
4017,8011
4018,8250
4019,5642
4020,5224
4021,4150
4022,8190
4023,6840
4024,4527
4025,5150
4026,5721
4027,7605
4028,6058
4029,4839
4030,8682
4031,7393
4032,5830
4033,7156
4034,7782
4035,4865
4036,7691
4037,5829
4038,4497
4039,5379
4040,4936
4041,6465
4042,6685
4043,5968
4044,7137
4045,6860
4046,5593
4047,4973
4048,8829
4049,7344
4050,7627
4051,7758
4052,6920
4053,8878
4054,6277
4055,7831
4056,5119
4057,6412
4058,7834
4059,6642
4060,4481
4061,4982
4062,5565
4063,6859
4064,4777
4065,5829
4066,5558
4067,4895
4068,6172
4069,7147
4070,6266
4071,4927
4072,5778
4073,6585
4074,6741
4075,4576
4076,5491
4077,5796
4078,5620
4079,5655
4080,5838
4081,7215
4082,4237
4083,4247
4084,4424
4085,6127
4086,4888
4087,4644
4088,4266
4089,4084
4090,8204
4091,6382
4092,5168
4093,5513
4094,6224
4095,4736
4096,6525
4097,8398
4098,6594
4099,7566
4100,5100
4101,5311
4102,8651
4103,7249
4104,6708
4105,8561
4106,7844
4107,8003
4108,6840
4109,5640
4110,7841
4111,7304
4112,7931
4113,7098
4114,4745
4115,6142
4116,8018
4117,8000
4118,4277
4119,4254
4120,8127
4121,6017
4122,8626
4123,8641
4124,7625
4125,5389
4126,7228
4127,5357
4128,5795
4129,8893
4130,6068
4131,4501
4132,8594
4133,8627
4134,7750
4135,6712
4136,7388
4137,8752
4138,6562
4139,5977
4140,7384
4141,4735
4142,4575
4143,5867
4144,7369
4145,6330
4146,6315
4147,8790
4148,5942
4149,8306
4150,5711
4151,8786
4152,7220
4153,4186
4154,8410
4155,6680
4156,6454
4157,4344
4158,4263
4159,5914
4160,4117
4161,8313
4162,7022
4163,6702
4164,4852
4165,7796
4166,8117
4167,7809
4168,7679
4169,7596
4170,5619
4171,6948
4172,4897
4173,7776
4174,6878
4175,7167
4176,7985
4177,7058
4178,5523
4179,7866
4180,4226
4181,7538
4182,7782
4183,7811
4184,4956
4185,4267
4186,7283
4187,5698
4188,7624
4189,7513
4190,6238
4191,5786
4192,4708
4193,4565
4194,6846
4195,4668
4196,7541
4197,6140
4198,8696
4199,6085
4200,5202
4201,8616
4202,5439
4203,4738
4204,7253
4205,5563
4206,7320
4207,5731
4208,4893
4209,5196
4210,4533
4211,5810
4212,6674
4213,7828
4214,7505
4215,8438
4216,6340
4217,6454
4218,8786
4219,8299
4220,7566
4221,8257
4222,6584
4223,5756
4224,7627
4225,6508
4226,4728
4227,7077
4228,7175
4229,5024
4230,5026
4231,5498
4232,4343
4233,7160
4234,8028
4235,5403
4236,5330
4237,4771
4238,6142
4239,7454
4240,7300
4241,6043
4242,4578
4243,6458
4244,8491
4245,6854
4246,7913
4247,7366
4248,6514
4249,8747
4250,6952
4251,5011
4252,6470
4253,6958
4254,5916
4255,6574
4256,4440
4257,7003
4258,8494
4259,7870
4260,5595
4261,6151
4262,7430
4263,7888
4264,5973
4265,8330
4266,5628
4267,7616
4268,7464
4269,4145
4270,8459
4271,7071
4272,8756
4273,4691
4274,4326
4275,7842
4276,6954
4277,8706
4278,8484
4279,5306
4280,4202
4281,5185
4282,4764
4283,7275
4284,7052
4285,4273
4286,6226
4287,8134
4288,4997
4289,6161
4290,7184
4291,8499
4292,8647
4293,4401
4294,7934
4295,8357
4296,6423
4297,8080
4298,7601
4299,8030
4300,8515
4301,6195
4302,7448
4303,5525
4304,5845
4305,5647
4306,8450
4307,8838
4308,7765
4309,4514
4310,7943
4311,4532
4312,8424
4313,8869
4314,5827
4315,5633
4316,4182
4317,7792
4318,6708
4319,6020
4320,7515
4321,5853
4322,4202
4323,5455
4324,7775
4325,5291
4326,4912
4327,4803
4328,8578
4329,8316
4330,8368
4331,4264
4332,6355
4333,8217
4334,7699
4335,6629
4336,4360
4337,6669
4338,5408
4339,4583
4340,5589
4341,7081
4342,4892
4343,7978
4344,7760
4345,7933
4346,6129
4347,6640
4348,8356
4349,4234
4350,6518
4351,4761
4352,5980
4353,6060
4354,7653
4355,8497
4356,6297
4357,8372
4358,6653
4359,5616
4360,6038
4361,8043
4362,5656
4363,7287
4364,8579
4365,5017
4366,7428
4367,8806
4368,6564
4369,7595
4370,4925
4371,6214
4372,7652
4373,7953
4374,6487
4375,5177
4376,5179
4377,5727
4378,7239
4379,4416
4380,8331
4381,7198
4382,4989
4383,5276
4384,7603
4385,4341
4386,7050
4387,5116
4388,7389
4389,4629
4390,5286
4391,6816
4392,8140
4393,8546
4394,8948
4395,6447
4396,8548
4397,4780
4398,6296
4399,6477
4400,6995
4401,5739
4402,5684
4403,5653
4404,8312
4405,6670
4406,7990
4407,8351
4408,4532
4409,6587
4410,4431
4411,4407
4412,4740
4413,5588
4414,5303
4415,5760
4416,7876
4417,6954
4418,6246
4419,5513
4420,8550
4421,4838
4422,8631
4423,5324
4424,8656
4425,5835
4426,4690
4427,8721
4428,6779
4429,8099
4430,5389
4431,6594
4432,5885
4433,4068
4434,5499
4435,7427
4436,7569
4437,5730
4438,5695
4439,4175
4440,4382
4441,8410
4442,8283
4443,6182
4444,5876
4445,5267
4446,7337
4447,5947
4448,4264
4449,6725
4450,8829
4451,6500
4452,7298
4453,7083
4454,7480
4455,5840
4456,5350
4457,8304
4458,8033
4459,6007
4460,7382
4461,8446
4462,8941
4463,7357
4464,8830
4465,4227
4466,6123
4467,6053
4468,7407
4469,8350
4470,8868
4471,8003
4472,6060
4473,7295
4474,4810
4475,6605
4476,4384
4477,8212
4478,6032
4479,5190
4480,5559
4481,7001
4482,6766
4483,6659
4484,4834
4485,8098
4486,8827
4487,4657
4488,5043
4489,5674
4490,6228
4491,5266
4492,4575
4493,4452
4494,7811
4495,4274
4496,5324
4497,8488
4498,4499
4499,8116
4500,6039
4501,8805
4502,4581
4503,4326
4504,5385
4505,8186
4506,4713
4507,8259
4508,4949
4509,6371
4510,6633
4511,5340
4512,5349
4513,6941
4514,5584
4515,8046
4516,7551
4517,8087
4518,8346
4519,4838
4520,8869
4521,5002
4522,7461
4523,8515
4524,8578
4525,6403
4526,5597
4527,5328
4528,4591
4529,5756
4530,4865
4531,7330
4532,7489
4533,5310
4534,5949
4535,7740
4536,5176
4537,4848
4538,6293
4539,7300
4540,6325
4541,8702
4542,5956
4543,6145
4544,5640
4545,4263
4546,6348
4547,8819
4548,6632
4549,6443
4550,5111
4551,6949
4552,4290
4553,6134
4554,6293
4555,6947
4556,5974
4557,6859
4558,7673
4559,7847
4560,6303
4561,5568
4562,8513
4563,7666
4564,8030
4565,4482
4566,4360
4567,7574
4568,8223
4569,7040
4570,8275
4571,5286
4572,4196
4573,4662
4574,6825
4575,8678
4576,8725
4577,7346
4578,5796
4579,8615
4580,8072
4581,6557
4582,6851
4583,6819
4584,6643
4585,8791
4586,7532
4587,6522
4588,8614
4589,4515
4590,8433
4591,7774
4592,7065
4593,7293
4594,7321
4595,7626
4596,4798
4597,8751
4598,5022
4599,8399
4600,6375
4601,7670
4602,7440
4603,4123
4604,6866
4605,6662
4606,6171
4607,8914
4608,6536
4609,5165
4610,4144
4611,5900
4612,6460
4613,6852
4614,7152
4615,7880
4616,8854
4617,5562
4618,4276
4619,4279
4620,4612
4621,6346
4622,7724
4623,7475
4624,5891
4625,4892
4626,8576
4627,4642
4628,4864
4629,7870
4630,5800
4631,6062
4632,8526
4633,4084
4634,8406
4635,8184
4636,4947
4637,7981
4638,8711
4639,6219
4640,6730
4641,5521
4642,4221
4643,7470
4644,6277
4645,5143
4646,5288
4647,5938
4648,4972
4649,4233
4650,7718
4651,7963
4652,6468
4653,6022
4654,4526
4655,4460
4656,8382
4657,5382
4658,8376
4659,5634
4660,7012
4661,7575
4662,8178
4663,4586
4664,8522
4665,7885
4666,5825
4667,7274
4668,8942
4669,8766
4670,5691
4671,5989
4672,6044
4673,8781
4674,6537
4675,7274
4676,6278
4677,7465
4678,5110
4679,7032
4680,5401
4681,7992
4682,8308
4683,7660
4684,8660
4685,4391
4686,7312
4687,8451
4688,5193
4689,7851
4690,4951
4691,5147
4692,4770
4693,8908
4694,6935
4695,5385
4696,7329
4697,5796
4698,6122
4699,6260
4700,7777
4701,8331
4702,5994
4703,6480
4704,4265
4705,7441
4706,8193
4707,8757
4708,4831
4709,7781
4710,6790
4711,6591
4712,5277
4713,6052
4714,8201
4715,8701
4716,8434
4717,8024
4718,8203
4719,7398
4720,8766
4721,6389
4722,7642
4723,5661
4724,8025
4725,6886
4726,8470
4727,6013
4728,8025
4729,4973
4730,6018
4731,5190
4732,5078
4733,8035
4734,6073
4735,8318
4736,4979
4737,5700
4738,6158
4739,5808
4740,8914
4741,5299
4742,8596
4743,4882
4744,5247
4745,5296
4746,7536
4747,7982
4748,5199
4749,4866
4750,6451
4751,6804
4752,4813
4753,8394
4754,7409
4755,7444
4756,8214
4757,7691
4758,5288
4759,4313
4760,5144
4761,6372
4762,8174
4763,6519
4764,8258
4765,4704
4766,5424
4767,4538
4768,5006
4769,6506
4770,6495
4771,5364
4772,4365
4773,4447
4774,4411
4775,7907
4776,4750
4777,8518
4778,4829
4779,5136
4780,4955
4781,7692
4782,5265
4783,4869
4784,5552
4785,5499
4786,5308
4787,4600
4788,6848
4789,7372
4790,7329
4791,8789
4792,4230
4793,8466
4794,5585
4795,8058
4796,7557
4797,5652
4798,6695
4799,7955
4800,8312
4801,6143
4802,8115
4803,7013
4804,5180
4805,5302
4806,7732
4807,6849
4808,5328
4809,7795
4810,6859
4811,4612
4812,8571
4813,5863
4814,7522
4815,8564
4816,4694
4817,8852
4818,6627
4819,8485
4820,5575
4821,7454
4822,7323
4823,6337
4824,5829
4825,8794
4826,4628
4827,6797
4828,5957
4829,7209
4830,7140
4831,8927
4832,4108
4833,5545
4834,4121
4835,7254
4836,6012
4837,4468
4838,6932
4839,7203
4840,4867
4841,7620
4842,6623
4843,6869
4844,6092
4845,7673
4846,7631
4847,6764
4848,8516
4849,5202
4850,5735
4851,4801
4852,6868
4853,8339
4854,6325
4855,5198
4856,7345
4857,6973
4858,6212
4859,5927
4860,8276
4861,5723
4862,7673
4863,8044
4864,8301
4865,7500
4866,4158
4867,6453
4868,4497
4869,5169
4870,5315
4871,5296
4872,5868
4873,8421
4874,8590
4875,7201
4876,5687
4877,4952
4878,5814
4879,5315
4880,8507
4881,7552
4882,8765
4883,6471
4884,5577
4885,5105
4886,7422
4887,8650
4888,7178
4889,6051
4890,6976
4891,7962
4892,5069
4893,6461
4894,6191
4895,5092
4896,5394
4897,6355
4898,7699
4899,8102
4900,7875
4901,7766
4902,7405
4903,8384
4904,4843
4905,6960
4906,7141
4907,5693
4908,5971
4909,4849
4910,6780
4911,8131
4912,8219
4913,4842
4914,6673
4915,8370
4916,7642
4917,4087
4918,5878
4919,5037
4920,5467
4921,8201
4922,5118
4923,8148
4924,4331
4925,6390
4926,7419
4927,8014
4928,4332
4929,4066
4930,8703
4931,7927
4932,4273
4933,6433
4934,5263
4935,4285
4936,6093
4937,5241
4938,5983
4939,5086
4940,6545
4941,8385
4942,5279
4943,8285
4944,8098
4945,8919
4946,7064
4947,7606
4948,8654
4949,7737
4950,4716
4951,7271
4952,4324
4953,4977
4954,6815
4955,5818
4956,8210
4957,8411
4958,7290
4959,8580
4960,8211
4961,5665
4962,5277
4963,7585
4964,4550
4965,8565
4966,8269
4967,5928
4968,6987
4969,5402
4970,5285
4971,6483
4972,5008
4973,5458
4974,6832
4975,5830
4976,7178
4977,4908
4978,4592
4979,5018
4980,8032
4981,5655
4982,6638
4983,5151
4984,6922
4985,7070
4986,5795
4987,7786
4988,4826
4989,6518
4990,6756
4991,4644
4992,6359
4993,7747
4994,5477
4995,8104
4996,6109
4997,5757
4998,6293
4999,8640
5000,5191
5001,8722
5002,5344
5003,4727
5004,5078
5005,5096
5006,4110
5007,7824
5008,6065
5009,5692
5010,5461
5011,7684
5012,5025
5013,8619
5014,6753
5015,8101
5016,4845
5017,7181
5018,5299
5019,4981
5020,5589
5021,7588
5022,5036
5023,5850
5024,4714
5025,8451
5026,6177
5027,5118
5028,4194
5029,5442
5030,7829
5031,4475
5032,5628
5033,8521
5034,4701
5035,4664
5036,7349
5037,5419
5038,4365
5039,4782
5040,8486
5041,8461
5042,4995
5043,7776
5044,5353
5045,6943
5046,5456
5047,8301
5048,6759
5049,7732
5050,5743
5051,6564
5052,7280
5053,6815
5054,4423
5055,4438
5056,7734
5057,7423
5058,7356
5059,5504
5060,6613
5061,4121
5062,7717
5063,8486
5064,7202
5065,5683
5066,5042
5067,7773
5068,8433
5069,5301
5070,5742
5071,7951
5072,4781
5073,7945
5074,8926
5075,4494
5076,7126
5077,4898
5078,8946
5079,7263
5080,6627
5081,4615
5082,7918
5083,5396
5084,8390
5085,8878
5086,6540
5087,6314
5088,5802
5089,4667
5090,8951
5091,7027
5092,5722
5093,8097
5094,7167
5095,6476
5096,7943
5097,8941
5098,7582
5099,7381
5100,7765
5101,8119
5102,8558
5103,4709
5104,8330
5105,8356
5106,7600
5107,8187
5108,4866
5109,7017
5110,4465
5111,8691
5112,7298
5113,4567
5114,5264
5115,4378
5116,5205
5117,8943
5118,4102
5119,4779
5120,6504
5121,6281
5122,8147
5123,6887
5124,4797
5125,8138
5126,6652
5127,4961
5128,6881
5129,4432
5130,7679
5131,5765
5132,8871
5133,6820
5134,4157
5135,5348
5136,5086
5137,5662
5138,4601
5139,4071
5140,5385
5141,5103
5142,5130
5143,8334
5144,8438
5145,4418
5146,4554
5147,4858
5148,6044
5149,6998
5150,5477
5151,7111
5152,6180
5153,5101
5154,6423
5155,4716
5156,5457
5157,5116
5158,8027
5159,4596
5160,7215
5161,4093
5162,5320
5163,7083
5164,4859
5165,5732
5166,5828
5167,4604
5168,7054
5169,7682
5170,8076
5171,4710
5172,4781
5173,5906
5174,5424
5175,8198
5176,7566
5177,8955
5178,7728
5179,5318
5180,6138
5181,4222
5182,8868
5183,4136
5184,6886
5185,5607
5186,6410
5187,6632
5188,8222
5189,7287
5190,4387
5191,6590
5192,5592
5193,4181
5194,5563
5195,4491
5196,6608
5197,8892
5198,6262
5199,7200
5200,6549
5201,4887
5202,5890
5203,8580
5204,7095
5205,5001
5206,8331
5207,5528
5208,6576
5209,7939
5210,8265
5211,8657
5212,7759
5213,5561
5214,7785
5215,4355
5216,5457
5217,4917
5218,4368
5219,7131
5220,5810
5221,4593
5222,7147
5223,5913
5224,5300
5225,4105
5226,8714
5227,7051
5228,7330
5229,5571
5230,6763
5231,7327
5232,5413
5233,5198
5234,7032
5235,5567
5236,5634
5237,7851
5238,8565
5239,5075
5240,4873
5241,4250
5242,5727
5243,5741
5244,7349
5245,4172
5246,4395
5247,8285
5248,7979
5249,7779
5250,4150
5251,8945
5252,5402
5253,7029
5254,6958
5255,7608
5256,4988
5257,7433
5258,8791
5259,4520
5260,8955
5261,8735
5262,8209
5263,6119
5264,7608
5265,7863
5266,5298
5267,7110
5268,6027
5269,7790
5270,8576
5271,7865
5272,7450
5273,7194
5274,6922
5275,5887
5276,5285
5277,8660
5278,6967
5279,6216
5280,4084
5281,6718
5282,7065
5283,8266
5284,5730
5285,6847
5286,8032
5287,7153
5288,8100
5289,8785
5290,7480
5291,7721
5292,7501
5293,6827
5294,5337
5295,5788
5296,5993
5297,7506
5298,6333
5299,5757
5300,7979
5301,5426
5302,6788
5303,7277
5304,4631
5305,8286
5306,7685
5307,6056
5308,7659
5309,6610
5310,6220
5311,6826
5312,5704
5313,6859
5314,5711
5315,8469
5316,8576
5317,7127
5318,5176
5319,7226
5320,4824
5321,6158
5322,6508
5323,8250
5324,7245
5325,5558
5326,7627
5327,7127
5328,8701
5329,5298
5330,7854
5331,6027
5332,5154
5333,6278
5334,6048
5335,5100
5336,7079
5337,6218
5338,5881
5339,8116
5340,7031
5341,6027
5342,6696
5343,7537
5344,7079
5345,6694
5346,7766
5347,4547
5348,6421
5349,6445
5350,8070
5351,7274
5352,7254
5353,5279
5354,5930
5355,5364
5356,4668
5357,5359
5358,4867
5359,8945
5360,4503
5361,4718
5362,4405
5363,7247
5364,5197
5365,6203
5366,7562
5367,4804
5368,7307
5369,7758
5370,8471
5371,6334
5372,8900
5373,5679
5374,5814
5375,5072
5376,8301
5377,5859
5378,8776
5379,8787
5380,8012
5381,6343
5382,8689
5383,8101
5384,8932
5385,5508
5386,8761
5387,4145
5388,5785
5389,8762
5390,8071
5391,6279
5392,6161
5393,5677
5394,4948
5395,7784
5396,8725
5397,4098
5398,7089
5399,8284
5400,4794
5401,8472
5402,8408
5403,6354
5404,4671
5405,7766
5406,5039
5407,8636
5408,7355
5409,5474
5410,6659
5411,6031
5412,8463
5413,8775
5414,7069
5415,4276
5416,6279
5417,7020
5418,6406
5419,4163
5420,5143
5421,8079
5422,4426
5423,5387
5424,5611
5425,4503
5426,6409
5427,7903
5428,5121
5429,4588
5430,6414
5431,7034
5432,6186
5433,7424
5434,5460
5435,6975
5436,6244
5437,8209
5438,7369
5439,8212
5440,6725
5441,6490
5442,7359
5443,8488
5444,6153
5445,6217
5446,6835
5447,5565
5448,4258
5449,7922
5450,8486
5451,8617
5452,5451
5453,4535
5454,5054
5455,6204
5456,5000
5457,5737
5458,7154
5459,4964
5460,6822
5461,7250
5462,5923
5463,7366
5464,4821
5465,7992
5466,7037
5467,7704
5468,5396
5469,6963
5470,4685
5471,4778
5472,7866
5473,7038
5474,6115
5475,6172
5476,7026
5477,6119
5478,8934
5479,5861
5480,7234
5481,5228
5482,8891
5483,6792
5484,5665
5485,8398
5486,5637
5487,6850
5488,6313
5489,4115
5490,8114
5491,7897
5492,4958
5493,5807
5494,6143
5495,6745
5496,5744
5497,5404
5498,8723
5499,8751
5500,5281
5501,8965
5502,4461
5503,6544
5504,5238
5505,5707
5506,7859
5507,7042
5508,4465
5509,7453
5510,8905
5511,6578
5512,8239
5513,6443
5514,6947
5515,5619
5516,6276
5517,6960
5518,4113
5519,7359
5520,6257
5521,5895
5522,4346
5523,8724
5524,6800
5525,4275
5526,4983
5527,4171
5528,7396
5529,8141
5530,5202
5531,4885
5532,7707
5533,6558
5534,5885
5535,8750
5536,4672
5537,8253
5538,4176
5539,8263
5540,5978
5541,6677
5542,5928
5543,6671
5544,6588
5545,7628
5546,6768
5547,8676
5548,6279
5549,4607
5550,4828
5551,6137
5552,7195
5553,6039
5554,5797
5555,8285
5556,4987
5557,7412
5558,6701
5559,8568
5560,6227
5561,7368
5562,7731
5563,5608
5564,7637
5565,5389
5566,7965
5567,4597
5568,6774
5569,6289
5570,6323
5571,4339
5572,5194
5573,6260
5574,8849
5575,6440
5576,5915
5577,7183
5578,4573
5579,5427
5580,7610
5581,7184
5582,7866
5583,4477
5584,8159
5585,5872
5586,8819
5587,4708
5588,6103
5589,4603
5590,7115
5591,6054
5592,5751
5593,5296
5594,7050
5595,4770
5596,7885
5597,5106
5598,8895
5599,5125
5600,8029
5601,5465
5602,4457
5603,8642
5604,4837
5605,5941
5606,6102
5607,4301
5608,4635
5609,8306
5610,7888
5611,4672
5612,7924
5613,6642
5614,5980
5615,7340
5616,5218
5617,4987
5618,7636
5619,5165
5620,5062
5621,8703
5622,7453
5623,5260
5624,5319
5625,8254
5626,6822
5627,7822
5628,8713
5629,8293
5630,8283
5631,8879
5632,5363
5633,6408
5634,7255
5635,5356
5636,7944
5637,5176
5638,4740
5639,6907
5640,4921
5641,6120
5642,8610
5643,7736
5644,7870
5645,7045
5646,4737
5647,7406
5648,5475
5649,4720
5650,4104
5651,7369
5652,8189
5653,7205
5654,6101
5655,6087
5656,5083
5657,4981
5658,4514
5659,7233
5660,8405
5661,7935
5662,8575
5663,5850
5664,4392
5665,5499
5666,7165
5667,7249
5668,8558
5669,5182
5670,6637
5671,5123
5672,5907
5673,6648
5674,4203
5675,5067
5676,8943
5677,7537
5678,5784
5679,4808
5680,6470
5681,6333
5682,4889
5683,5171
5684,7162
5685,5121
5686,8715
5687,6190
5688,8823
5689,5417
5690,4788
5691,7717
5692,6671
5693,6809
5694,8933
5695,7808
5696,7214
5697,7904
5698,6865
5699,7894
5700,6831
5701,6634
5702,7117
5703,8951
5704,7982
5705,5058
5706,8557
5707,7715
5708,5866
5709,4443
5710,5260
5711,7992
5712,4249
5713,7825
5714,4935
5715,7555
5716,6857
5717,7491
5718,5155
5719,7718
5720,8579
5721,4574
5722,7172
5723,7702
5724,7579
5725,7417
5726,5647
5727,4371
5728,6316
5729,4891
5730,8445
5731,5886
5732,4403
5733,5359
5734,6891
5735,5434
5736,7024
5737,5023
5738,4728
5739,5713
5740,8923
5741,6045
5742,5991
5743,5851
5744,8020
5745,6873
5746,5803
5747,7992
5748,5637
5749,8910
5750,6128
5751,5123
5752,6461
5753,8879
5754,6371
5755,7644
5756,7466
5757,4980
5758,4255
5759,5216
5760,7385
5761,5477
5762,7686
5763,6429
5764,7513
5765,6737
5766,5771
5767,5790
5768,7830
5769,6629
5770,5219
5771,4953
5772,6962
5773,8826
5774,6643
5775,4376
5776,6930
5777,7561
5778,5893
5779,8561
5780,4373
5781,4808
5782,7699
5783,8908
5784,7819
5785,6556
5786,6498
5787,8963
5788,7508
5789,5511
5790,7569
5791,5578
5792,6229
5793,7444
5794,4486
5795,6354
5796,5537
5797,7957
5798,7424
5799,8128
5800,6427
5801,5889
5802,7873
5803,8248
5804,8270
5805,7269
5806,6245
5807,6138
5808,5047
5809,4267
5810,4845
5811,5382
5812,5786
5813,6308
5814,7831
5815,5677
5816,4518
5817,6854
5818,4977
5819,5852
5820,5955
5821,6308
5822,8037
5823,6720
5824,4999
5825,6936
5826,4895
5827,6651
5828,6347
5829,8462
5830,8460
5831,6246
5832,4736
5833,5602
5834,4665
5835,5668
5836,8500
5837,4524
5838,6160
5839,7176
5840,5663
5841,4181
5842,6637
5843,4768
5844,5559
5845,7970
5846,5562
5847,7614
5848,4560
5849,6965
5850,4881
5851,8872
5852,5143
5853,7703
5854,7317
5855,7080
5856,7776
5857,5234
5858,7024
5859,6498
5860,5374
5861,8502
5862,8210
5863,6075
5864,4279
5865,7628
5866,6016
5867,4493
5868,4160
5869,6468
5870,5040
5871,7334
5872,4697
5873,4264
5874,5569
5875,4271
5876,4438
5877,5954
5878,5530
5879,4302
5880,5980
5881,5122
5882,7416
5883,5708
5884,4707
5885,8491
5886,8653
5887,8615
5888,4701
5889,7369
5890,6096
5891,6502
5892,7173
5893,4354
5894,4955
5895,5421
5896,5580
5897,5463
5898,4550
5899,4713
5900,5842
5901,5278
5902,8630
5903,5046
5904,6611
5905,4177
5906,8138
5907,5192
5908,5557
5909,5651
5910,4649
5911,6785
5912,5680
5913,4499
5914,5357
5915,5138
5916,4884
5917,6336
5918,5404
5919,8775
5920,5060
5921,5811
5922,6294
5923,5719
5924,7956
5925,4918
5926,4913
5927,4868
5928,5484
5929,7323
5930,5058
5931,4687
5932,8431
5933,7031
5934,4996
5935,8726
5936,7367
5937,7301
5938,8032
5939,6524
5940,6165
5941,4569
5942,4189
5943,7458
5944,8107
5945,8571
5946,6742
5947,6332
5948,4643
5949,6098
5950,7523
5951,4923
5952,6056
5953,6347
5954,4840
5955,7204
5956,5080
5957,6006
5958,6350
5959,6926
5960,7764
5961,5395
5962,4883
5963,8645
5964,4813
5965,5607
5966,8053
5967,8103
5968,4507
5969,6895
5970,7832
5971,8032
5972,8479
5973,5261
5974,6817
5975,5213
5976,4566
5977,6416
5978,7854
5979,7863
5980,6354
5981,8744
5982,5068
5983,6653
5984,4113
5985,4716
5986,4866
5987,7523
5988,7467
5989,5509
5990,6719
5991,6730
5992,5835
5993,8529
5994,8765
5995,5819
5996,4173
5997,8545
5998,5154
5999,7434
6000,5250
6001,7134
